50,1301
50,1332
50,1333
50,1376
50,1377
50,1378
50,1379
50,1380
50,1381
50,1382
50,1383
1050,1514
1050,1515
1050,1518
1050,1605
1050,1606
1050,1662
1050,1663
2050,1400
2050,1401
2050,1405
2050,1407
2050,1408
2050,1413
2050,1414
2050,1417
2050,1418
2050,1419
2050,1420
2050,1429
2050,1711
2050,1712
2050,1716
2050,1717
2050,1718
2050,1719
2050,1720
2050,1721
2050,1722
2050,1723
2050,1724
2050,1726
2050,1728
2050,1730
2050,1734
2050,1736
2050,1737
2050,1738
2050,1739
2050,1743
2050,1757
2050,1758
2050,1762
2050,1764
2050,1766
2050,1768
2050,1770
2050,1771
2050,1773
2050,1775
2050,1776
2050,1777
2050,1780
2050,1782
2050,1783
2050,1787
2050,1788
2050,1789
2050,1793
2050,1795
2050,1798
2050,1799
2050,1801
2050,1802
2050,1803
2050,1805
2050,1807
2050,1808
2050,1810
2050,1811
2050,1812
2050,1813
2050,1814
2050,1815
2050,1819
2050,1820
2050,1821
2050,1822
2050,1824
2050,1826
2050,1827
2050,1828
2050,1832
2050,1833
2050,1834
2050,1835
2050,1840
2050,1841
2050,1844
2050,1846
2050,1847
2050,1848
2050,1850
2050,1852
2050,1853
2050,1860
2050,1861
2050,1865
2050,1866
2050,1867
2050,1868
2050,1869
2050,1870
2050,1871
2050,1873
2050,1878
2050,1879
2050,1881
2050,1882
2050,1883
2050,1884
2050,1885
2050,1888
2050,1890
2050,1892
2050,1893
2050,1896
2050,1897
2050,1898
2050,1899
2050,1904
2050,1905
2050,1906
2050,1911
2050,1914
2050,1916
2050,1919
2050,1921
2050,1924
2050,1925
2050,1926
2050,1928
2050,1929
2050,1930
2050,1931
2050,1933
2050,1934
2050,1935
2050,1936
2050,1937
2050,1938
2050,1939
2050,1941
2050,1942
2050,1944
2050,1945
2050,1946
2050,1948
2050,1949
2050,1950
2050,1951
2050,1952
2050,1956
2050,1959
2050,1960
2050,1961
2050,1963
2050,1964
2050,1965
2050,1966
2050,1967
2050,1968
2050,1969
2050,1972
2050,1975
2050,1976
2050,1979
2050,1980
2050,1981
2050,1982
2050,1983
2050,1984
2050,1987
2050,1989
2050,1992
2050,1994
2050,1997
2050,1999
2050,6330
2050,6366
2050,6379
2050,9764
3050,2001
3050,2002
3050,2003
3050,2004
3050,2006
3050,2008
3050,2009
3050,2052
3050,2053
3050,2055
3050,2056
3050,2058
3050,2107
3050,2108
3050,2109
3050,2112
3050,2114
3050,2117
3050,2201
3050,2204
3050,2206
3050,2207
3050,2208
3050,2209
3050,2211
3050,2212
3050,2215
3050,2216
3050,2217
3050,2218
3050,2220
3050,2221
3050,2222
3050,2224
3050,2226
3050,2228
3050,2229
3050,2264
3050,2266
3050,2267
3050,2268
3050,2269
3050,2270
3050,2281
3050,2282
3050,2284
3050,2286
3050,2288
3050,2290
3050,2291
3050,2292
3050,2293
3050,2294
3050,2501
3050,2502
3050,2503
3050,2531
3050,2533
3050,2538
3050,2540
3050,2551
3050,2573
3050,2579
3050,2580
3050,2587
3050,2588
3050,2590
3050,2593
3050,2594
3050,2597
3050,2599
3050,2602
3050,2607
3050,2608
3050,2611
3050,2612
3050,2613
3050,2801
3050,2802
3050,2804
3050,2805
3050,2806
3050,2809
3050,2810
3050,2811
3050,2812
3050,2813
3050,2814
3050,2815
3050,2816
3050,2817
3050,2818
3050,2819
3050,2830
3050,2831
3050,2871
3050,2872
3050,2875
3050,2876
3050,2877
3050,2882
3050,2892
3050,2894
3050,2897
3050,2899
3050,2901
3050,2902
3050,2903
3050,2904
3050,2905
3050,2907
3050,2908
3050,2910
3050,2911
3050,2914
3050,2915
3050,2916
3050,2917
3050,2918
3050,2919
3050,2922
3050,2923
3050,2924
3050,2925
3050,2926
3050,2927
3050,2929
3050,2930
3050,2931
3050,4404
3050,4526
3100,3001
3100,3002
3100,3101
3100,3103
3100,3104
3100,3105
3100,3106
3100,3109
3100,3111
3100,3123
3100,3125
3100,3201
3100,3202
3100,3204
3100,3205
3100,3302
3100,3401
3100,3402
3100,3408
3100,3409
3100,3501
3100,3512
3100,3513
3100,3514
3100,3515
3100,3524
3100,3526
3100,3529
3100,3551
3100,3569
3100,3571
3100,3577
3100,3578
3100,3580
3100,3583
3100,3591
3100,3593
3100,3597
3100,3598
3100,3599
3100,3600
3100,3604
3100,3606
3100,3607
3100,3608
3100,8011
3100,8013
3100,8016
3100,8029
3100,8040
3100,8107
3100,8111
3100,8114
3100,8118
3100,8127
3100,8143
3150,3708
3150,3861
3150,3863
3150,3864
3150,3865
3150,3877
3150,3878
3150,3880
3150,3891
3150,3892
3150,3895
3150,3896
3150,3941
3150,3943
3150,3944
3150,3945
3150,3946
3150,3947
3150,3948
3150,3950
3150,3951
3150,3952
3150,3953
3150,3954
3150,3955
3150,3956
3200,2928
3200,3405
3200,3407
3200,3553
3200,4003
3200,4004
3200,4005
3200,4007
3200,4008
3200,4021
3200,4022
3200,4023
3200,4025
3200,4027
3200,4028
3200,4031
3200,4033
3200,4041
3200,4042
3200,4043
3200,4044
3200,4045
3200,4046
3200,4047
3200,4061
3200,4063
3200,4064
3200,4078
3200,4080
3200,4082
3200,4088
3200,4091
3200,4092
3200,4093
3200,4094
3200,4095
3200,4097
3200,4098
3200,4099
3200,4100
3200,4102
3200,4107
3200,4109
3200,4112
3200,4113
3200,4114
3200,4115
3200,4116
3200,4117
3200,4118
3200,4119
3200,4120
3200,4182
3200,4183
3200,4185
3200,4186
3200,4187
3200,4188
3200,4201
3200,4202
3200,4203
3200,4204
3200,4205
3200,4206
3200,4208
3200,4212
3200,4215
3200,4216
3200,4217
3200,4218
3200,4220
3200,4221
3200,4222
3200,4224
3200,4228
3200,4229
3200,4231
3200,4234
3200,4235
3200,4237
3200,4238
3200,4239
3200,4240
3200,4241
3200,4242
3200,4243
3200,4245
3200,4246
3200,4247
3200,4272
3200,4274
3200,4275
3200,4361
3200,4362
3200,4364
3200,4365
3200,4366
3200,4367
3200,4368
3200,4369
3200,4401
3200,4403
3200,4406
3200,4409
3200,4410
3200,4452
3200,4461
3200,4462
3200,4463
3200,4464
3200,4465
3200,4471
3200,4611
3200,4612
3200,4613
3200,4615
3200,4616
3200,4617
3200,4619
3200,4620
3200,4621
3200,4623
3200,4624
3200,4625
3200,4626
3200,4627
3200,4628
3200,4629
3200,4631
3200,4633
3200,4634
3200,4635
3200,4636
3200,4850
3200,4901
3200,4911
3200,4912
3200,4914
3200,4917
3200,4918
3200,4919
3200,4920
3200,4921
3200,4922
3200,4923
3200,4924
3200,4925
3200,4926
3200,4927
3200,4928
3200,4929
3200,4951
3200,4952
3200,4955
3200,4956
3200,4957
3200,4958
3200,4960
3200,4962
3200,4963
3200,4965
3200,4966
3200,4967
3200,4968
3200,4970
3200,4971
3200,4972
3200,4973
3200,4974
3200,4975
3200,4976
3200,4977
3200,4978
3200,4979
3200,4985
3200,4987
3200,4989
3200,4990
3200,4992
3200,4994
3200,4995
3200,4996
3200,4997
3200,4998
3200,4999
3200,5142
3200,5208
3200,6776
3200,6988
3200,7858
3200,7871
3200,7874
3200,7877
3200,7886
3200,7888
3200,7891
3200,7894
3200,7895
3200,7899
3200,7908
3200,7917
3200,7925
3200,7927
3200,7928
3200,7931
3200,7942
3200,7947
3200,7950
3200,7958
3200,7970
3200,7971
3200,7988
3200,7995
3200,8113
3200,9385
3200,9845
3250,4151
3250,4502
3250,4503
3250,4506
3250,4507
3250,4508
3250,4512
3250,4514
3250,4516
3250,4517
3250,4519
3250,4521
3250,4523
3250,4524
3250,4527
3250,4528
3250,4530
3250,4531
3250,4534
3250,4536
3250,4538
3250,4539
3250,4540
3250,4541
3250,4547
3250,4548
3250,4549
3250,4550
3250,4551
3250,4552
3250,4553
3250,4554
3250,4555
3250,4556
3250,4557
3250,4558
3250,4559
3250,4563
3250,4564
3250,4565
3250,4568
3250,4569
3250,4570
3250,4571
3250,4572
3250,4573
3250,4574
3250,4575
3250,4576
3250,4577
3250,4578
3250,4579
3250,4581
3250,4582
3250,4583
3250,4584
3250,4585
3250,4586
3250,4587
3250,4588
3250,4589
3250,4875
3300,3315
3300,5002
3300,5007
3300,5008
3300,5010
3300,5011
3300,5012
3300,5013
3300,5015
3300,5017
3300,5018
3300,5019
3300,5020
3350,5101
3350,5103
3350,5104
3350,5105
3350,5108
3350,5110
3350,5121
3350,5122
3350,5161
3350,5162
3350,5184
3350,5185
3350,5186
3350,5189
3350,5191
3350,5192
3350,5194
3350,5195
3350,5199
3400,3110
3400,4026
3400,5201
3400,5202
3400,5204
3400,5210
3400,5212
3400,5214
3400,5216
3400,5217
3400,5218
3400,5232
3400,5233
3400,5234
3400,5237
3400,5262
3400,5268
3400,5269
3400,5271
3400,5273
3400,5277
3400,5279
3400,5280
3400,5282
3400,5284
3400,5285
3400,5287
3400,5288
3400,5289
3400,5301
3400,5302
3400,5304
3400,5310
3400,5331
3400,5332
3400,5333
3400,5334
3400,5337
3400,5341
3400,5342
3400,5343
3400,5344
3400,5351
3400,5352
3400,5355
3400,5356
3400,5357
3400,5358
3400,5363
3400,5367
3400,5380
3400,5381
3400,5384
3400,5386
3400,5387
3400,5388
3400,5389
3400,5391
3400,5393
3400,5395
3400,5398
3400,7943
3450,5401
3450,5406
3450,5408
3450,5410
3450,5411
3450,5412
3450,5413
3450,5423
3450,5440
3450,5444
3450,5445
3450,5446
3450,5448
3450,5449
3450,5451
3450,5453
3450,5456
3450,5458
3450,5461
3450,5463
3450,5464
3450,5471
3450,5476
3450,5480
3450,5481
3450,5482
3450,5484
3450,5486
3450,5491
3450,5541
3450,5542
3450,5563
3450,5566
3450,5602
3450,5603
3450,5607
3450,5609
3450,5610
3450,5612
3450,5614
3450,5632
3450,5644
3450,5657
3450,5658
3450,5659
3450,5660
3450,5695
3450,5697
3450,5698
3450,6319
3450,7305
3500,1491
3500,5702
3500,5703
3500,5706
3500,5707
3500,5711
3500,5713
3500,5714
3500,5715
3500,5721
3500,5724
3500,5726
3500,5727
3500,5729
3500,5741
3500,5742
3500,5753
3500,5757
3500,5758
3500,5781
3500,5801
3500,5802
3500,5803
3500,5805
3500,5807
3500,5809
3500,5815
3500,5816
3500,5817
3500,5819
3500,5820
3500,5821
3500,5851
3500,5852
3500,5856
3500,5857
3550,1971
3550,3420
3550,3421
3550,3422
3550,3423
3550,3424
3550,3426
3550,3431
3550,3433
3550,3434
3550,3435
3550,3436
3550,3437
3550,3439
3550,3440
3550,3441
3550,3442
3550,3443
3550,3444
3550,5900
3550,5901
3550,5902
3550,5903
3550,5905
3550,5906
3550,5907
3550,5909
3550,5911
3550,5912
3550,5915
3550,5918
3550,5921
3550,5922
3550,5923
3550,5928
3550,5929
3550,5930
3550,5932
3550,5933
3550,5935
3550,5936
3550,5938
3550,5939
3550,5940
3550,5941
3550,5942
3550,5943
3550,5945
3550,5946
3550,5947
3550,5950
3550,5951
3550,5952
3550,5953
3550,5955
3550,5956
3550,5957
3550,5958
3550,5959
3550,5964
3550,5965
3550,5966
3550,5967
3550,5969
3550,5970
3550,5971
3550,5973
3550,5974
3550,5975
3550,5976
3550,5979
3550,5981
3550,5982
3550,5983
3550,5984
3550,5985
3550,5986
3550,5987
3550,5988
3550,5989
3550,5990
3550,5991
3550,5992
3550,5993
3550,5994
3550,5997
3550,5998
3550,5999
3550,7985
3550,7989
3550,8155
3550,9922
3600,1909
3600,5631
3600,6005
3600,6013
3600,6022
3600,6101
3600,6103
3600,6104
3600,6111
3600,6112
3600,6113
3600,6118
3600,6121
3600,6125
3600,6131
3600,6134
3600,6135
3600,6136
3600,6137
3600,6138
3600,6140
3600,6141
3600,6142
3600,6143
3600,6144
3600,6145
3600,6146
3600,6147
3600,6149
3600,6150
3600,6151
3600,6155
3600,6156
3600,6157
3600,6158
3600,6159
3600,6161
3600,6163
3600,6164
3600,6165
3600,6203
3600,6205
3600,6208
3600,6210
3600,6217
3600,6218
3600,6222
3600,6245
3600,6246
3600,6247
3600,6248
3600,6249
3600,6250
3600,6254
3600,6255
3600,6256
3600,6257
3600,6258
3600,6259
3600,6260
3600,6262
3600,6264
3600,6265
3600,6266
3600,6267
3600,6268
3600,6269
3600,6271
3600,6272
3600,6273
3600,6274
3600,6276
3600,6277
3600,6278
3600,6279
3600,6280
3600,6281
3600,6282
3600,6284
3600,6286
3600,6287
3600,6289
3600,6291
3600,6292
3600,6293
3600,6294
3600,6295
3600,6297
3600,6298
3600,6299
3600,6300
3600,6301
3600,6302
3600,6303
3600,6305
3600,6306
3600,6307
3600,6309
3600,6310
3600,6312
3600,6314
3600,6315
3600,6316
3600,6317
3600,6322
3600,6323
3600,6324
3600,6325
3600,6326
3600,6327
3600,6328
3600,6331
3600,6332
3600,6333
3600,6334
3600,6335
3600,6336
3600,6337
3600,6338
3600,6339
3600,6340
3600,6342
3600,6343
3600,6345
3600,6346
3600,6347
3600,6349
3600,6351
3600,6355
3600,6356
3600,6357
3600,6358
3600,6360
3600,6361
3600,6362
3600,6363
3600,6364
3600,6365
3600,6367
3600,6368
3600,6369
3600,6370
3600,6371
3600,6373
3600,6375
3600,6378
3600,6380
3600,6381
3600,6382
3600,6383
3600,6384
3600,6387
3600,6390
3600,6391
3600,6392
3600,6393
3600,6395
3600,6396
3600,6397
3600,6400
3600,6402
3600,6403
3600,6405
3600,6406
3600,6407
3600,6408
3600,6409
3600,6411
3600,6412
3600,6413
3600,6414
3600,6416
3600,6417
3600,6418
3600,6419
3600,6420
3600,6424
3600,6425
3600,6428
3600,6430
3600,6432
3600,6433
3600,6436
3600,6439
3600,6440
3600,6444
3600,6445
3600,6454
3600,6457
3600,6458
3600,6459
3600,6460
3600,6461
3600,6462
3600,6463
3600,6465
3600,6466
3600,6467
3600,6469
3600,6470
3600,6471
3600,6472
3600,6473
3600,6474
3600,6476
3600,6478
3600,6480
3600,6481
3600,6482
3600,6484
3600,6485
3600,6486
3600,6487
3600,6488
3600,6489
3600,6490
3600,6492
3600,6494
3600,6495
3600,6496
3600,6497
3600,6498
3600,6581
3600,6586
3600,7004
3600,7011
3600,7013
3600,7021
3600,7726
3600,7758
3600,7991
3650,4062
3650,4902
3650,6448
3650,6479
3650,6501
3650,6502
3650,6503
3650,6504
3650,6505
3650,6506
3650,6507
3650,6508
3650,6513
3650,6516
3650,6517
3650,6518
3650,6588
3650,6590
3650,6591
3650,6592
3650,6593
3650,6594
3650,6616
3650,6617
3650,6618
3650,6619
3650,6620
3650,6622
3650,6623
3650,6624
3650,6625
3650,6626
3650,6627
3650,6628
3650,6629
3650,6630
3650,6632
3650,6633
3650,6634
3650,6635
3650,6636
3650,6637
3650,6638
3650,6639
3650,6640
3650,6641
3650,6643
3650,6644
3650,6645
3650,6647
3650,6648
3650,6651
3650,6652
3650,6653
3650,6654
3650,6655
3650,6656
3650,6658
3650,6659
3650,6661
3650,6662
3650,6663
3650,6664
3650,6666
3650,6668
3650,6669
3650,6670
3650,6674
3650,6675
3650,6676
3650,6677
3650,6678
3650,6701
3650,6702
3650,6703
3650,6704
3650,6706
3650,6707
3650,6709
3650,6715
3650,6716
3650,6718
3650,6719
3650,6721
3650,6722
3650,6723
3650,6724
3650,6727
3650,6728
3650,6730
3650,6731
3650,6734
3650,6736
3650,6737
3650,6740
3650,6741
3650,6742
3650,6743
3650,6744
3650,6745
3650,6747
3650,6748
3650,6750
3650,6751
3650,6752
3650,6753
3650,6754
3650,6755
3650,6756
3650,6757
3650,6758
3650,6762
3650,6763
3650,6767
3650,6768
3650,6769
3650,6770
3650,6771
3650,6772
3650,6773
3650,6775
3650,6777
3650,6778
3650,6779
3650,6784
3650,6785
3650,6786
3650,6787
3650,6788
3650,6789
3650,6794
3650,6796
3650,6797
3650,6798
3650,6800
3650,6801
3650,6803
3650,6804
3650,6806
3650,6807
3650,6809
3650,6810
3650,6814
3650,6815
3650,6816
3650,6817
3650,6820
3650,6822
3650,6823
3650,6824
3650,6826
3650,6832
3650,6833
3650,6834
3650,6835
3650,6836
3650,6837
3650,6838
3650,6839
3650,6840
3650,6841
3650,6844
3650,6845
3650,6846
3650,6848
3650,6849
3650,6850
3650,6852
3650,6853
3650,6855
3650,6856
3650,6857
3650,6858
3650,6859
3650,6860
3650,6861
3650,6862
3650,6863
3650,6864
3650,6866
3650,6867
3650,6869
3650,6870
3650,6871
3650,6874
3650,6875
3650,6877
3650,6878
3650,6881
3650,6882
3650,6883
3650,6889
3650,6890
3650,6891
3650,6894
3650,6895
3650,6896
3650,6897
3650,6898
3650,6899
3650,6901
3650,6904
3650,6905
3650,6907
3650,6908
3650,6911
3650,6912
3650,6914
3650,6915
3650,6916
3650,6918
3650,6919
3650,6920
3650,6923
3650,6924
3650,6925
3650,6926
3650,6927
3650,6928
3650,6929
3650,6930
3650,6932
3650,6935
3650,6937
3650,6938
3650,6941
3650,6943
3650,6945
3650,6946
3650,6947
3650,6950
3650,6951
3650,6952
3650,6954
3650,6955
3650,6957
3650,6958
3650,6960
3650,6961
3650,6962
3650,6963
3650,6964
3650,6965
3650,6966
3650,6967
3650,6969
3650,6971
3650,6972
3650,6974
3650,6976
3650,6977
3650,6981
3650,6985
3650,6986
3650,6989
3650,6992
3650,6993
3650,6994
3650,6996
3650,6997
3650,6998
3650,6999
3650,7244
3650,7276
3650,7280
3650,7718
3650,7735
3650,7739
3650,7751
3650,7752
3650,7965
3650,7999
3650,8035
3700,3116
3700,5196
3700,5949
3700,6016
3700,6018
3700,6023
3700,6042
3700,6201
3700,6455
3700,6493
3700,6584
3700,6902
3700,6982
3700,6995
3700,7003
3700,7007
3700,7012
3700,7014
3700,7018
3700,7022
3700,7102
3700,7105
3700,7122
3700,7201
3700,7202
3700,7203
3700,7205
3700,7208
3700,7211
3700,7212
3700,7213
3700,7214
3700,7215
3700,7217
3700,7218
3700,7219
3700,7220
3700,7222
3700,7224
3700,7226
3700,7227
3700,7228
3700,7229
3700,7230
3700,7231
3700,7235
3700,7236
3700,7238
3700,7239
3700,7240
3700,7241
3700,7242
3700,7243
3700,7245
3700,7246
3700,7247
3700,7248
3700,7249
3700,7250
3700,7251
3700,7254
3700,7255
3700,7256
3700,7259
3700,7260
3700,7261
3700,7262
3700,7264
3700,7265
3700,7266
3700,7267
3700,7268
3700,7269
3700,7270
3700,7271
3700,7272
3700,7273
3700,7274
3700,7277
3700,7278
3700,7279
3700,7282
3700,7283
3700,7284
3700,7287
3700,7291
3700,7292
3700,7294
3700,7296
3700,7297
3700,7298
3700,7299
3700,7309
3700,7312
3700,7313
3700,7314
3700,7315
3700,7399
3700,7404
3700,7408
3750,4543
3750,5187
3750,6376
3750,7701
3750,7702
3750,7703
3750,7705
3750,7707
3750,7708
3750,7709
3750,7711
3750,7713
3750,7714
3750,7715
3750,7716
3750,7717
3750,7719
3750,7721
3750,7722
3750,7723
3750,7725
3750,7727
3750,7729
3750,7730
3750,7731
3750,7732
3750,7733
3750,7734
3750,7740
3750,7741
3750,7743
3750,7744
3750,7745
3750,7746
3750,7747
3750,7748
3750,7749
3750,7760
3750,7762
3750,7768
3750,7769
3750,7771
3750,7774
3750,7775
3750,7776
3750,7777
3750,7779
3750,7979
3750,8050
3750,8086
3800,5962
3800,7817
3800,7818
3800,7819
3800,7820
3800,7821
3800,7822
3800,7823
3800,7824
3800,7825
3800,7826
3800,7827
3800,7829
3800,7831
3800,7832
3800,7833
3800,7834
3800,7835
3800,7836
3800,7837
3800,7838
3800,7839
3800,7840
3800,7841
3800,7846
3800,7847
3800,7850
3800,7851
3800,7853
3800,7855
3800,7856
3800,7857
3800,7859
3800,7861
3800,7862
3800,7863
3800,7864
3800,7865
3800,7867
3800,7868
3800,7869
3800,7870
3800,7872
3800,7873
3800,7875
3800,7878
3800,7879
3800,7883
3800,7885
3800,7887
3800,7889
3800,7893
3800,7896
3800,7897
3800,7898
3800,7901
3800,7902
3800,7905
3800,7906
3800,7907
3800,7911
3800,7912
3800,7913
3800,7914
3800,7915
3800,7916
3800,7919
3800,7920
3800,7921
3800,7922
3800,7923
3800,7932
3800,7936
3800,7937
3800,7938
3800,7939
3800,7944
3800,7945
3800,7946
3800,7949
3800,7951
3800,7952
3800,7953
3800,7955
3800,7956
3800,7957
3800,7959
3800,7961
3800,7962
3800,7963
3800,7966
3800,7968
3800,7972
3800,7974
3800,7975
3800,7976
3800,7980
3800,7981
3800,7983
3800,7984
3800,7986
3800,7987
3800,7990
3800,7992
3800,7994
3800,7997
3800,8022
3800,8170
4050,2766
4050,9501
4050,9502
4050,9503
4050,9504
4050,9505
4050,9506
4050,9507
4050,9508
4050,9509
4050,9511
4050,9513
4050,9514
4050,9531
4050,9532
4050,9533
4050,9534
4050,9535
4050,9536
4050,9537
4050,9539
4050,9540
4050,9543
5050,2384
5050,9001
5050,9003
5050,9005
5050,9006
5050,9007
5050,9008
5050,9009
5050,9010
5050,9012
5050,9014
5050,9017
5050,9020
5050,9021
5050,9022
5050,9024
5050,9025
5050,9027
5050,9028
5050,9029
5050,9031
5050,9033
5050,9034
5050,9035
5050,9036
5050,9037
5050,9039
5050,9040
5050,9041
5050,9042
5050,9044
5050,9045
5050,9046
5050,9047
5050,9048
5050,9049
5050,9051
5050,9052
5050,9055
5050,9056
5050,9057
5050,9059
5050,9060
5050,9062
5050,9063
5050,9064
5050,9065
5050,9067
5050,9068
5050,9069
5050,9070
5050,9072
5050,9073
5050,9074
5050,9075
5050,9076
5050,9077
5050,9078
5050,9081
5050,9082
5050,9083
5050,9085
5050,9086
5050,9087
5050,9090
5100,9101
5100,9104
5100,9107
5100,9110
5100,9113
5100,9115
5100,9119
5100,9127
5100,9130
5100,9132
5100,9133
5100,9171
5100,9173
5100,9176
5100,9179
5100,9180
5150,9201
5150,9202
5150,9204
5150,9206
5150,9232
5150,9233
5200,9058
5200,9066
5200,9193
5200,9301
5200,9302
5200,9303
5200,9304
5200,9306
5200,9307
5200,9308
5200,9310
5200,9311
5200,9312
5200,9313
5200,9317
5200,9319
5200,9320
5200,9322
5200,9324
5200,9351
5200,9353
5200,9355
5200,9357
5200,9358
5200,9359
5200,9360
5200,9361
5200,9362
5200,9363
5200,9364
5200,9365
5200,9366
5200,9367
5200,9368
5200,9369
5200,9370
5200,9375
5200,9377
5200,9380
5200,9381
5200,9384
5200,9386
5250,1973
5250,2138
5250,2303
5250,2307
5250,2315
5250,2317
5250,2321
5250,2323
5250,2326
5250,2327
5250,2329
5250,2330
5250,2332
5250,2335
5250,2338
5250,2345
5250,2349
5250,2351
5250,2352
5250,2354
5250,2359
5250,2411
5250,2484
5250,2665
5250,2799
5250,3040
5250,3371
5250,3622
5250,3623
5250,3624
5250,3625
5250,3626
5250,3627
5250,3628
5250,3630
5250,3632
5250,3633
5250,3634
5250,3635
5250,3636
5250,3639
5250,3640
5250,3641
5250,3645
5250,3646
5250,3647
5250,3648
5250,3649
5250,3652
5250,3653
5250,3654
5250,3655
5250,3656
5250,3657
5250,3658
5250,3659
5250,3660
5250,3661
5250,3662
5250,3663
5250,3664
5250,3665
5250,3666
5250,3667
5250,3668
5250,3669
5250,3670
5250,3671
5250,3672
5250,3673
5250,3674
5250,3675
5250,3676
5250,3677
5250,3678
5250,3679
5250,3680
5250,3681
5250,3682
5250,3683
5250,3685
5250,3686
5250,3687
5250,3688
5250,3689
5250,3710
5250,3711
5250,3712
5250,3715
5250,3719
5250,3723
5250,3724
5250,3727
5250,3731
5250,3733
5250,3734
5250,3738
5250,3739
5250,3741
5250,3742
5250,3744
5250,3747
5250,3750
5250,3751
5250,3753
5250,3754
5250,3756
5250,3758
5250,3760
5250,3762
5250,3763
5250,3765
5250,3766
5250,3768
5250,3769
5250,3770
5250,3771
5250,3772
5250,3773
5250,3774
5250,3775
5250,3776
5250,3777
5250,3778
5250,3779
5250,3782
5250,3784
5250,3785
5250,3787
5250,3788
5250,3790
5250,3791
5250,3793
5250,3794
5250,3796
5250,3798
5250,3799
5250,3800
5250,3802
5250,3803
5250,3804
5250,3807
5250,3808
5250,3810
5250,3811
5250,3814
5250,3815
5250,3816
5250,3817
5250,3822
5250,3823
5250,3824
5250,3825
5250,3826
5250,3827
5250,3828
5250,3830
5250,3831
5250,3832
5250,3834
5250,3835
5250,3836
5250,3837
5250,3839
5250,3840
5250,3841
5250,3842
5250,3843
5250,3844
5250,3845
5250,3847
5250,3848
5250,3849
5250,3850
5250,3851
5250,3852
5250,3853
5250,3854
5250,3856
5250,3857
5250,3858
5250,3859
5250,4283
5250,4284
5250,4287
5250,4288
5250,4291
5250,4295
5250,4298
5250,4299
5250,4304
5250,4307
5250,4308
5250,4312
5250,4316
5250,4320
5250,4323
5250,4326
5250,4333
5250,4334
5250,4335
5250,4344
5250,4348
5250,4349
5250,4356
5250,4358
5250,4640
5250,4644
5250,4662
5250,4667
5250,4674
5250,4676
5250,4684
5250,4685
5250,4686
5250,4687
5250,4689
5250,4704
5250,4709
5250,4716
5250,4719
5250,4722
5250,4725
5250,4726
5250,4728
5250,4733
5250,4734
5250,4736
5250,4739
5250,4743
5250,4746
5250,4748
5250,4752
5250,4761
5250,4762
5250,4764
5250,4768
5250,4769
5250,4770
5250,4772
5250,4776
5250,4777
5250,4779
5250,4783
5250,4793
5250,4799
5250,4800
5250,4812
5250,4813
5250,4814
5250,4816
5250,4819
5250,4820
5250,4824
5250,4825
5250,4826
5250,4828
5250,4829
5250,4832
5250,4838
5250,4839
5250,4842
5250,4845
5250,4847
5250,6791
5250,6879
5250,6888
5250,6942
5250,6944
5250,7518
5250,7527
5250,7595
5250,7844
5250,7849
5250,7860
5250,8056
5250,8096
5250,9399
5250,9401
5250,9402
5250,9404
5250,9405
5250,9407
5250,9408
5250,9409
5250,9412
5250,9413
5250,9414
5250,9419
5250,9421
5250,9422
5250,9423
5250,9424
5250,9425
5250,9428
5250,9432
5250,9433
5250,9435
5250,9436
5250,9437
5250,9438
5250,9441
5250,9444
5250,9445
5250,9446
5250,9449
5250,9470
5250,9471
5250,9474
5250,9475
5250,9476
5250,9477
5250,9478
5250,9479
5250,9600
5250,9601
5250,9602
5250,9605
5250,9607
5250,9613
5250,9629
5250,9638
5250,9640
5250,9651
5250,9657
5250,9658
5250,9682
5250,9684
5250,9685
5250,9687
5250,9691
5250,9692
5250,9697
5250,9698
5250,9702
5250,9709
5250,9717
5250,9719
5250,9739
5250,9742
5250,9746
5250,9748
5250,9749
5250,9753
5250,9758
5250,9759
5250,9766
5250,9790
5250,9799
5250,9889
5250,9928
5250,9984
6050,1352
6050,2654
6050,2658
6050,2667
6050,2668
6050,2676
6050,2689
6050,2692
6050,2693
6050,2700
6050,2703
6050,2708
6050,2710
6050,2714
6050,2715
6050,2721
6050,2724
6050,2729
6050,2733
6050,2737
6050,2743
6050,2750
6050,2751
6050,2759
6050,2760
6050,2761
6050,2763
6050,2767
6050,2768
6050,2773
6050,2776
6050,2777
6050,2784
6050,2788
6050,2795
6050,2874
6050,3004
6050,3022
6050,3023
6050,3024
6050,3031
6050,3035
6050,3036
6050,3038
6050,3041
6050,3042
6050,3043
6050,3045
6050,3047
6050,3053
6050,3054
6050,3055
6050,3070
6050,3076
6050,3079
6050,3089
6050,3107
6050,3140
6050,3143
6050,3150
6050,3151
6050,3153
6050,3154
6050,3156
6050,3157
6050,3160
6050,3161
6050,3165
6050,3166
6050,3167
6050,3168
6050,3173
6050,3176
6050,3180
6050,3183
6050,3209
6050,3306
6050,3316
6050,3320
6050,3321
6050,3322
6050,3323
6050,3350
6050,3355
6050,3356
6050,3359
6050,3360
6050,3374
6050,3377
6050,3383
6050,3384
6050,3386
6050,3388
6050,3390
6050,3392
6050,3393
6050,3394
6050,3587
6050,5009
6050,5283
6050,6973
6050,7413
6050,7414
6050,7417
6050,7420
6050,7422
6050,7425
6050,7426
6050,7427
6050,7432
6050,7433
6050,7434
6050,7435
6050,7438
6050,7441
6050,7442
6050,7443
6050,7444
6050,7446
6050,7447
6050,7451
6050,7456
6050,7458
6050,7459
6050,7460
6050,7461
6050,7463
6050,7464
6050,7466
6050,7467
6050,7472
6050,7476
6050,7477
6050,7480
6050,7481
6050,7482
6050,7483
6050,7485
6050,7486
6050,7487
6050,7488
6050,7490
6050,7500
6050,7501
6050,7504
6050,7505
6050,7510
6050,7517
6050,7519
6050,7521
6050,7525
6050,7531
6050,7533
6050,7537
6050,7538
6050,7539
6050,7551
6050,7552
6050,7555
6050,7558
6050,7559
6050,7565
6050,7567
6050,7570
6050,7575
6050,7587
6050,7590
6050,7591
6050,7594
6050,7597
6050,7599
6050,7600
6050,7602
6050,7607
6050,7608
6050,7609
6050,7612
6050,7613
6050,7619
6050,7624
6050,7628
6050,7631
6050,7634
6050,7635
6050,7637
6050,7648
6050,7903
6050,8001
6050,8002
6050,8006
6050,8007
6050,8012
6050,8014
6050,8015
6050,8018
6050,8020
6050,8023
6050,8025
6050,8030
6050,8031
6050,8032
6050,8036
6050,8037
6050,8038
6050,8039
6050,8041
6050,8043
6050,8044
6050,8045
6050,8046
6050,8051
6050,8052
6050,8053
6050,8057
6050,8058
6050,8059
6050,8060
6050,8061
6050,8065
6050,8066
6050,8068
6050,8070
6050,8071
6050,8072
6050,8074
6050,8075
6050,8076
6050,8077
6050,8078
6050,8079
6050,8081
6050,8084
6050,8085
6050,8087
6050,8088
6050,8089
6050,8090
6050,8091
6050,8093
6050,8095
6050,8097
6050,8098
6050,8101
6050,8103
6050,8104
6050,8105
6050,8108
6050,8115
6050,8117
6050,8119
6050,8120
6050,8123
6050,8125
6050,8129
6050,8130
6050,8131
6050,8132
6050,8133
6050,8135
6050,8136
6050,8137
6050,8138
6050,8139
6050,8140
6050,8141
6050,8142
6050,8144
6050,8145
6050,8147
6050,8148
6050,8150
6050,8151
6050,8152
6050,8153
6050,8154
6050,8157
6050,8158
6050,8159
6050,8191
6050,8205
6050,8225
6050,8226
6050,8228
6050,8249
6050,8256
6050,8275
6050,8283
6050,8285
6050,8835
6050,9305
6050,9763
6050,9810
6050,9812
6050,9816
6050,9818
6050,9824
6050,9827
6050,9830
6050,9832
6050,9836
6050,9837
6050,9849
6050,9852
6050,9857
6050,9867
6050,9869
6050,9872
6050,9880
6050,9882
6050,9883
6050,9885
6050,9888
6050,9892
6050,9895
6050,9896
6050,9898
6050,9902
6050,9906
6050,9908
6050,9909
6050,9913
6050,9914
6050,9929
6050,9930
6050,9932
6050,9934
6050,9941
6050,9955
6050,9957
6050,9960
6050,9962
6050,9963
6050,9964
6050,9967
6050,9972
6050,9982
6050,9986
6050,9987
6050,9991
6050,9992
6050,9995
6050,9996
6100,2651
6100,2652
6100,2653
6100,2655
6100,2656
6100,2659
6100,2660
6100,2662
6100,2664
6100,2666
6100,2669
6100,2670
6100,2673
6100,2674
6100,2675
6100,2678
6100,2681
6100,2683
6100,2685
6100,2686
6100,2687
6100,2694
6100,2695
6100,2698
6100,2702
6100,2705
6100,2706
6100,2712
6100,2719
6100,2722
6100,2726
6100,2730
6100,2734
6100,2735
6100,2736
6100,2742
6100,2747
6100,2752
6100,2753
6100,2754
6100,2762
6100,2764
6100,2769
6100,2772
6100,2778
6100,2780
6100,2782
6100,2786
6100,2789
6100,2790
6100,2791
6100,2792
6100,2796
6100,2798
6100,3011
6100,3020
6100,3021
6100,3027
6100,3028
6100,3030
6100,3032
6100,3034
6100,3046
6100,3048
6100,3050
6100,3057
6100,3058
6100,3059
6100,3063
6100,3064
6100,3065
6100,3066
6100,3067
6100,3068
6100,3069
6100,3071
6100,3073
6100,3075
6100,3077
6100,3080
6100,3082
6100,3083
6100,3085
6100,3086
6100,3087
6100,3088
6100,3090
6100,3091
6100,3092
6100,3093
6100,3094
6100,3096
6100,3097
6100,3098
6100,3099
6100,3141
6100,3147
6100,3148
6100,3159
6100,3169
6100,3170
6100,3171
6100,3172
6100,3174
6100,3175
6100,3177
6100,3178
6100,3179
6100,3181
6100,3182
6100,3184
6100,3185
6100,3186
6100,3187
6100,3189
6100,3190
6100,3191
6100,3192
6100,3193
6100,3313
6100,3317
6100,3318
6100,3319
6100,3325
6100,3328
6100,3329
6100,3331
6100,3333
6100,3341
6100,3344
6100,3346
6100,3347
6100,3349
6100,3352
6100,3353
6100,3358
6100,3361
6100,3366
6100,3370
6100,3372
6100,3375
6100,3376
6100,3382
6100,3385
6100,3387
6100,3391
6100,3395
6100,3396
6100,3397
6100,3398
6100,3399
6100,3726
6100,4350
6100,4775
6100,7412
6100,7415
6100,7416
6100,7419
6100,7421
6100,7430
6100,7445
6100,7448
6100,7450
6100,7452
6100,7453
6100,7455
6100,7462
6100,7465
6100,7475
6100,7493
6100,7494
6100,7506
6100,7508
6100,7509
6100,7512
6100,7513
6100,7514
6100,7515
6100,7516
6100,7520
6100,7522
6100,7523
6100,7524
6100,7532
6100,7544
6100,7545
6100,7550
6100,7554
6100,7561
6100,7562
6100,7564
6100,7571
6100,7577
6100,7578
6100,7581
6100,7585
6100,7593
6100,7596
6100,7598
6100,7601
6100,7603
6100,7604
6100,7605
6100,7606
6100,7610
6100,7611
6100,7614
6100,7615
6100,7616
6100,7618
6100,7621
6100,7623
6100,7625
6100,7630
6100,7636
6100,7638
6100,7640
6100,7643
6100,7646
6100,7647
6100,7649
6100,7918
6100,8005
6100,8008
6100,8028
6100,8160
6100,8163
6100,8165
6100,8166
6100,8167
6100,8168
6100,8171
6100,8173
6100,8174
6100,8175
6100,8178
6100,8179
6100,8181
6100,8182
6100,8184
6100,8185
6100,8186
6100,8190
6100,8194
6100,8196
6100,8198
6100,8200
6100,8201
6100,8202
6100,8203
6100,8207
6100,8208
6100,8209
6100,8214
6100,8215
6100,8217
6100,8218
6100,8219
6100,8227
6100,8229
6100,8230
6100,8233
6100,8237
6100,8242
6100,8244
6100,8245
6100,8247
6100,8248
6100,8251
6100,8252
6100,8254
6100,8255
6100,8257
6100,8260
6100,8263
6100,8267
6100,8270
6100,8273
6100,8274
6100,8276
6100,8278
6100,8279
6100,8281
6100,8282
6100,8287
6100,8289
6100,8291
6100,8293
6100,8298
6100,9627
6100,9819
6100,9823
6100,9826
6100,9828
6100,9829
6100,9831
6100,9835
6100,9842
6100,9843
6100,9846
6100,9850
6100,9853
6100,9854
6100,9855
6100,9856
6100,9861
6100,9866
6100,9870
6100,9873
6100,9876
6100,9878
6100,9887
6100,9890
6100,9899
6100,9900
6100,9903
6100,9904
6100,9919
6100,9924
6100,9927
6100,9931
6100,9936
6100,9942
6100,9943
6100,9945
6100,9946
6100,9948
6100,9950
6100,9956
6100,9959
6100,9966
6100,9969
6100,9973
6100,9974
6100,9976
6100,9977
6100,9978
6100,9979
6100,9980
6100,9983
6100,9989
6100,9990
6100,9993
6100,9994
6100,9997
7050,7150
7050,7161
7050,7167
7050,8301
7050,8303
7050,8304
7050,8306
7050,8308
7050,8309
7050,8316
7050,8324
7050,8325
7050,8327
7050,8331
7050,8332
7050,8333
7050,8334
7050,8336
7050,8337
7050,8338
7050,8339
7050,8341
7050,8342
7050,8343
7050,8344
7050,8345
7050,8346
7050,8349
7050,8350
7050,8354
7050,8355
7050,8356
7050,8358
7050,8359
7050,8360
7050,8361
7050,8362
7050,8363
7050,8364
7050,8365
7050,8366
7050,8367
7050,8368
7050,8369
7050,8370
7050,8374
7050,8377
7050,8379
7050,8381
7050,8382
7050,8383
7050,8385
7050,8386
7050,8387
7050,8388
7050,8390
7050,8392
7050,8393
7050,8394
7050,8395
7050,8396
7050,8397
7050,8398
7050,8399
7050,8409
7050,8410
7050,8411
7050,8416
7050,8418
7050,8521
7050,8522
7050,8524
7050,8527
7050,8529
7050,8530
7050,8536
7050,8537
7050,8540
7050,8541
7050,8542
7050,8543
7050,8544
7050,8545
7050,8550
7050,8551
7050,8554
7050,8558
7050,8559
7050,8560
7050,8562
7050,8563
7050,8600
7050,8634
7050,8648
7050,8710
7050,8713
7050,8714
7100,3113
7100,7148
7100,7162
7100,8462
7100,8473
7100,8518
7100,8595
7100,8601
7100,8604
7100,8609
7100,8613
7100,8614
7100,8616
7100,8617
7100,8622
7100,8624
7100,8625
7100,8628
7100,8692
7100,8698
7100,8699
7100,8700
7100,8702
7100,8703
7100,8704
7100,8705
7100,8706
7100,8707
7100,8708
7100,8709
7100,8711
7100,8728
7100,8732
7100,8737
7100,8739
7100,8740
7100,8742
7100,8746
7100,8747
7100,9318
7150,7157
7150,7169
7150,8630
7150,8685
7150,8686
7150,8715
7150,8725
7150,8729
7150,8750
7150,8766
7150,8767
7150,8769
7150,8795
7150,8798
7200,2388
7200,7164
7200,8073
7200,8253
7200,8423
7200,8424
7200,8425
7200,8439
7200,8508
7200,8511
7200,8513
7200,8515
7200,8519
7200,8566
7200,8570
7200,8572
7200,8584
7200,8585
7200,8586
7200,8589
7200,8591
7200,8593
7200,8594
7200,8596
7200,8682
7200,8697
7200,8718
7200,8771
7200,8772
7200,8783
7200,8787
7200,8789
7200,8793
8050,2353
8050,3003
8050,3010
8050,3225
8050,3228
8050,3230
8050,3231
8050,3232
8050,3236
8050,3237
8050,3238
8050,3241
8050,3242
8050,3244
8050,3245
8050,3246
8050,3248
8050,3250
8050,3251
8050,3252
8050,3254
8050,3258
8050,3260
8050,3261
8050,3264
8050,3266
8050,3271
8050,3275
8050,3276
8050,3277
8050,3280
8050,3284
8050,3286
8050,3288
8050,3289
8050,3291
8050,3293
8050,3294
8050,3297
8050,3299
8050,3521
8050,3528
8050,4666
8050,4744
8050,4809
8050,4827
8050,7308
8050,8801
8050,8802
8050,8803
8050,8804
8050,8806
8050,8818
8050,8830
8050,8836
8050,8840
8050,8841
8050,8842
8050,8844
8050,8848
8050,8850
8050,8851
8050,8854
8050,8860
8050,8864
8050,8869
8050,8870
8050,8871
8050,8877
8050,8881
8050,8885
8050,8886
8050,8887
8050,8889
8050,8890
8050,8891
8050,8892
8050,8893
8050,8894
8050,8897
8050,8898
8050,8903
8050,8904
8050,8905
8050,8908
8050,8909
8050,8912
8050,8914
8050,8917
8050,8918
8050,8922
8050,8923
8050,8925
8050,8927
8050,8928
8050,8929
8050,8931
8050,8933
8050,8934
8050,8935
8050,8938
8050,8940
8050,8944
8050,8945
8050,8946
8050,8995
8050,8996
8050,8998
8050,8999
8050,9706
8050,9820
9050,1954
9050,2120
9050,2121
9050,2122
9050,2124
9050,2127
9050,2128
9050,2130
9050,2131
9050,2132
9050,2134
9050,2136
9050,2137
9050,2139
9050,2144
9050,2145
9050,2146
9050,2148
9050,2150
9050,2151
9050,2152
9050,2153
9050,2154
9050,2155
9050,2156
9050,2157
9050,2158
9050,2159
9050,2160
9050,2162
9050,2163
9050,2164
9050,2165
9050,2168
9050,2169
9050,2170
9050,2172
9050,2173
9050,2174
9050,2175
9050,2176
9050,2178
9050,2179
9050,2180
9050,2181
9050,2183
9050,2185
9050,2186
9050,2190
9050,2191
9050,2193
9050,2195
9050,2196
9050,2198
9050,2300
9050,2301
9050,2304
9050,2305
9050,2309
9050,2311
9050,2322
9050,2325
9050,2331
9050,2337
9050,2340
9050,2341
9050,2342
9050,2344
9050,2362
9050,2369
9050,2370
9050,2371
9050,2372
9050,2373
9050,2374
9050,2375
9050,2376
9050,2378
9050,2379
9050,2385
9050,2389
9050,2391
9050,2393
9050,2395
9050,2397
9050,2398
9050,2399
9050,2400
9050,2402
9050,2404
9050,2405
9050,2406
9050,2408
9050,2410
9050,2412
9050,2413
9050,2415
9050,2417
9050,2418
9050,2425
9050,2427
9050,2428
9050,2429
9050,2432
9050,2433
9050,2434
9050,2435
9050,2436
9050,2437
9050,2438
9050,2440
9050,2445
9050,2447
9050,2449
9050,2450
9050,2453
9050,2454
9050,2458
9050,2459
9050,2461
9050,2462
9050,2464
9050,2466
9050,2467
9050,2468
9050,2469
9050,2471
9050,2475
9050,2477
9050,2479
9050,2480
9050,2481
9050,2483
9050,2485
9050,2487
9050,2488
9050,2489
9050,2491
9050,2492
9050,2493
9050,2497
9050,2498
9050,2499
9050,2749
9050,3121
9050,3326
9050,4281
9050,4282
9050,4286
9050,4290
9050,4293
9050,4301
9050,4310
9050,4317
9050,4318
9050,4319
9050,4321
9050,4324
9050,4327
9050,4331
9050,4336
9050,4337
9050,4341
9050,4342
9050,4343
9050,4345
9050,4346
9050,4347
9050,4351
9050,4355
9050,4544
9050,4641
9050,4642
9050,4645
9050,4649
9050,4650
9050,4651
9050,4653
9050,4656
9050,4657
9050,4658
9050,4659
9050,4661
9050,4664
9050,4665
9050,4668
9050,4669
9050,4671
9050,4673
9050,4678
9050,4679
9050,4680
9050,4681
9050,4690
9050,4694
9050,4695
9050,4696
9050,4699
9050,4705
9050,4707
9050,4708
9050,4712
9050,4714
9050,4718
9050,4720
9050,4732
9050,4735
9050,4745
9050,4750
9050,4751
9050,4754
9050,4755
9050,4760
9050,4763
9050,4765
9050,4766
9050,4767
9050,4771
9050,4781
9050,4784
9050,4792
9050,4798
9050,4801
9050,4833
9050,4834
9050,4837
9050,4840
9050,4848
9050,4849
9050,5261
9050,6050
9050,6051
9050,6052
9050,6053
9050,6054
9050,6055
9050,6058
9050,6059
9050,6060
9050,6061
9050,6062
9050,6063
9050,6064
9050,6065
9050,6067
9050,6068
9050,6069
9050,6070
9050,6071
9050,6072
9050,6073
9050,6074
9050,6075
9050,6076
9050,6077
9050,6078
9050,6079
9050,6080
9050,6081
9050,6082
9050,6083
9050,6084
9050,6085
9050,6086
9050,6087
9050,6088
9050,6089
9050,6090
9050,6091
9050,6092
9050,6093
9050,6094
9050,6095
9050,6096
9050,6819
9050,7502
9050,8876
9050,8920
9050,9373
9050,9376
9050,9439
9050,9603
9050,9608
9050,9610
9050,9612
9050,9616
9050,9619
9050,9621
9050,9622
9050,9624
9050,9625
9050,9628
9050,9631
9050,9632
9050,9633
9050,9635
9050,9636
9050,9637
9050,9639
9050,9641
9050,9643
9050,9644
9050,9647
9050,9656
9050,9661
9050,9663
9050,9664
9050,9671
9050,9672
9050,9674
9050,9675
9050,9678
9050,9679
9050,9680
9050,9681
9050,9686
9050,9695
9050,9696
9050,9699
9050,9701
9050,9704
9050,9707
9050,9708
9050,9713
9050,9715
9050,9716
9050,9720
9050,9722
9050,9723
9050,9726
9050,9728
9050,9729
9050,9731
9050,9733
9050,9734
9050,9735
9050,9736
9050,9740
9050,9743
9050,9744
9050,9747
9050,9755
9050,9757
9050,9760
9050,9761
9050,9765
9050,9767
9050,9768
9050,9769
9050,9776
9050,9778
9050,9780
9050,9782
9050,9783
9050,9787
9050,9788
9050,9791
9050,9792
9050,9793
9050,9795
9050,9797
